{"sections":{"video_section_custom_9yzaR4":{"type":"video-section-custom","blocks":{"video_k33kcH":{"type":"video","settings":{"video_title":"video1","video_url":"https:\/\/cdn.shopify.com\/videos\/c\/o\/v\/7b990b91239d43b1b4fb32af5ddf3240.mp4","mp4videoimage":"shopify:\/\/shop_images\/testimonial-1_540x_7b00924c-893c-4bb5-9a1e-603193751864.webp","video_tags":"videos1,video2"}},"video_exNWbH":{"type":"video","settings":{"video_title":"gg","video_url":"https:\/\/www.youtube.com\/watch?v=NIgYinV84-Y","mp4videoimage":"shopify:\/\/shop_images\/testimonial-2_720x_3e25e01a-f09a-40a6-92ef-2c06defe1feb.webp","video_tags":"newsss"}},"video_38CJkT":{"type":"video","settings":{"video_title":"vid3","video_url":"https:\/\/youtu.be\/J4es7vPBpNI","video_tags":"vid2"}},"video_iNnLGQ":{"type":"video","settings":{"video_title":"","video_url":"https:\/\/cdn.shopify.com\/videos\/c\/o\/v\/7b990b91239d43b1b4fb32af5ddf3240.mp4","video_tags":""}},"video_JGaG8g":{"type":"video","settings":{"video_title":"","video_url":"","video_tags":""}},"video_y99rTw":{"type":"video","settings":{"video_title":"sss","video_url":"https:\/\/cdn.shopify.com\/videos\/c\/o\/v\/70993172203a4e96b88357a092e4b151.mp4","video_tags":"sssa"}},"video_qMKzyY":{"type":"video","settings":{"video_title":"vid2","video_url":"https:\/\/cdn.shopify.com\/videos\/c\/o\/v\/7b990b91239d43b1b4fb32af5ddf3240.mp4","video_tags":"vid2"}},"video_hJKi6c":{"type":"video","settings":{"video_title":"y7yy","video_url":"","video_tags":"vijay"}},"video_egVNka":{"type":"video","settings":{"video_title":"","video_url":"","video_tags":""}},"video_V34UDE":{"type":"video","settings":{"video_title":"eee","video_url":"https:\/\/cdn.shopify.com\/videos\/c\/o\/v\/70993172203a4e96b88357a092e4b151.mp4","video_tags":"newsss"}},"video_A9hWRn":{"type":"video","settings":{"video_title":"","video_url":"shopify:\/\/collections\/copper","video_tags":"vijay"}},"video_JyJXzk":{"type":"video","settings":{"video_title":"","video_url":"","video_tags":""}}},"block_order":["video_k33kcH","video_exNWbH","video_38CJkT","video_iNnLGQ","video_JGaG8g","video_y99rTw","video_qMKzyY","video_hJKi6c","video_egVNka","video_V34UDE","video_A9hWRn","video_JyJXzk"],"settings":{}},"3af025d8-b828-4403-9aa9-003d55610126":{"type":"custom-test","blocks":{"22c24bbe-9ff1-4cd6-b5df-2260b6a31869":{"type":"column","settings":{"image":"shopify:\/\/shop_images\/testimonial-1_540x_7b00924c-893c-4bb5-9a1e-603193751864.webp","title":"Column","richone":"<p>Pair text with an image to focus on your chosen product, collection, or blog post. Add details on availability, style, or even provide a review.<\/p>"}},"27612fac-dc17-42a8-ac16-38e9e8d3c4f9":{"type":"column","settings":{"image":"shopify:\/\/shop_images\/testimonial-2_720x_3e25e01a-f09a-40a6-92ef-2c06defe1feb.webp","title":"Column","richone":"<p>Pair text with an image to focus on your chosen product, collection, or blog post. Add details on availability, style, or even provide a review.<\/p>"}},"da6a9913-e028-4a60-99b1-a1b3f5024a21":{"type":"column","settings":{"image":"shopify:\/\/shop_images\/testimonial-1_540x_7b00924c-893c-4bb5-9a1e-603193751864.webp","title":"Column","richone":"<p>Pair text with an image to focus on your chosen product, collection, or blog post. Add details on availability, style, or even provide a review.<\/p>"}},"bb099fe4-41c2-4744-81f7-1375171d86e2":{"type":"column","settings":{"image":"shopify:\/\/shop_images\/testimonial-2_720x_3e25e01a-f09a-40a6-92ef-2c06defe1feb.webp","title":"Column","richone":"<p>Pair text with an image to focus on your chosen product, collection, or blog post. Add details on availability, style, or even provide a review.<\/p>"}},"12276d8c-e0ff-49fc-8424-780371201c05":{"type":"column","settings":{"image":"shopify:\/\/shop_images\/testimonial-1_540x_1.webp","title":"Column","richone":"<p>Pair text with an image to focus on your chosen product, collection, or blog post. Add details on availability, style, or even provide a review.<\/p>"}}},"block_order":["22c24bbe-9ff1-4cd6-b5df-2260b6a31869","27612fac-dc17-42a8-ac16-38e9e8d3c4f9","da6a9913-e028-4a60-99b1-a1b3f5024a21","bb099fe4-41c2-4744-81f7-1375171d86e2","12276d8c-e0ff-49fc-8424-780371201c05"],"disabled":true,"settings":{}},"featured_collection":{"type":"featured-collection","disabled":true,"settings":{"title":"Featured products","heading_size":"h2","description":"","show_description":false,"description_style":"body","collection":"all","products_to_show":8,"columns_desktop":4,"full_width":false,"show_view_all":true,"view_all_style":"solid","enable_desktop_slider":false,"color_scheme":"background-1","image_ratio":"adapt","show_secondary_image":true,"show_vendor":false,"show_rating":false,"enable_quick_add":false,"columns_mobile":"2","swipe_on_mobile":false,"padding_top":28,"padding_bottom":36}},"collage":{"type":"collage","blocks":{"collection-0":{"type":"collection","settings":{"collection":""}},"product":{"type":"product","settings":{"product":"","second_image":false}},"collection-1":{"type":"collection","settings":{"collection":""}}},"block_order":["collection-0","product","collection-1"],"disabled":true,"settings":{"heading":"Multimedia collage","heading_size":"h2","desktop_layout":"left","mobile_layout":"collage","card_styles":"product-card-wrapper","color_scheme":"background-1","padding_top":36,"padding_bottom":36}},"video":{"type":"video","disabled":true,"settings":{"heading":"","heading_size":"h1","video_url":"https:\/\/www.youtube.com\/watch?v=_9VUPq3SxOc","description":"","full_width":false,"color_scheme":"background-1","padding_top":36,"padding_bottom":36}},"multicolumn":{"type":"multicolumn","blocks":{"column1":{"type":"column","settings":{"title":"Column","text":"<p>Pair text with an image to focus on your chosen product, collection, or blog post. Add details on availability, style, or even provide a review.<\/p>","link_label":"","link":""}},"column2":{"type":"column","settings":{"title":"Column","text":"<p>Pair text with an image to focus on your chosen product, collection, or blog post. Add details on availability, style, or even provide a review.<\/p>","link_label":"","link":""}},"column3":{"type":"column","settings":{"title":"Column","text":"<p>Pair text with an image to focus on your chosen product, collection, or blog post. Add details on availability, style, or even provide a review.<\/p>","link_label":"","link":""}}},"block_order":["column1","column2","column3"],"disabled":true,"settings":{"title":"","heading_size":"h1","image_width":"third","image_ratio":"adapt","columns_desktop":3,"column_alignment":"center","background_style":"none","button_label":"","button_link":"","color_scheme":"background-1","columns_mobile":"1","swipe_on_mobile":false,"padding_top":36,"padding_bottom":36}}},"order":["video_section_custom_9yzaR4","3af025d8-b828-4403-9aa9-003d55610126","featured_collection","collage","video","multicolumn"]}